BEGIN TRANSACTION;
CREATE TABLE "schema_migrations" ("version" varchar NOT NULL);
INSERT INTO "schema_migrations" VALUES('20150420140525');
INSERT INTO "schema_migrations" VALUES('20150421030510');
INSERT INTO "schema_migrations" VALUES('20150421043608');
INSERT INTO "schema_migrations" VALUES('20150421132305');
INSERT INTO "schema_migrations" VALUES('20150421134128');
INSERT INTO "schema_migrations" VALUES('20150422045353');
INSERT INTO "schema_migrations" VALUES('20150422045456');
INSERT INTO "schema_migrations" VALUES('20150423042514');
INSERT INTO "schema_migrations" VALUES('20150424031005');
CREATE TABLE "sausages" ("id"  NOT NULL, "name" varchar, "description" varchar, "qty" integer, "fresh" boolean, "calories" integer, "price" float, "created_at" timestamp NOT NULL, "updated_at" timestamp NOT NULL);
INSERT INTO "sausages" VALUES(1,'Hot Italian','Pork sausage with chile peppers',77,'t',200,4.99,'2015-04-20 14:09:20.636339','2015-05-25 02:12:03.822344');
INSERT INTO "sausages" VALUES(2,'Barese Sausages','Thin italian sausage with a mix of lamb and pork',19,'t',500,6.99,'2015-04-21 02:25:44.204352','2015-05-30 23:21:53.040106');
INSERT INTO "sausages" VALUES(3,'Sweet Italian','pork sausage with white wine',20,'t',300,6.99,'2015-04-21 03:02:04.549750','2015-05-24 22:43:31.766051');
INSERT INTO "sausages" VALUES(4,'Bratwurst','German sausages with veal and pork, with special German spices',190,'t',12,6.99,'2015-04-21 03:13:09.071631','2015-05-24 22:41:32.173905');
INSERT INTO "sausages" VALUES(5,'English Bangers','Pork butt and spices',2,'f',150,4.99,'2015-04-22 03:02:27.434314','2015-05-25 02:12:04.104501');
INSERT INTO "sausages" VALUES(6,'Sicilian','Whte wine , cheese, fennel and other delicios spices',195,'t',500,6.99,'2015-04-22 03:03:48.955498','2015-05-12 14:15:41.497968');
INSERT INTO "sausages" VALUES(7,'Bockwurst','Pork and veal sauages',91,'t',400,6.99,'2015-04-22 03:05:45.884640','2015-05-12 05:32:19.299009');
INSERT INTO "sausages" VALUES(8,'Mortadella','Italian baloney sausage',2,'t',200,3.99,'2015-04-22 03:06:53.037570','2015-05-12 03:20:35.806587');
INSERT INTO "sausages" VALUES(9,'Berliner Sausage','Pork, veal and beef chuck',5,'t',200,6.99,'2015-04-22 03:13:44.133119','2015-05-12 14:01:40.501475');
INSERT INTO "sausages" VALUES(10,'Hard Salami ','Cured beef, pork and pork back',1,'f',300,8.99,'2015-04-22 05:09:59.820474','2015-05-12 04:09:16.383940');
INSERT INTO "sausages" VALUES(11,'Breakfast Sausage','Fresk Prok Butts',45,'f',500,8.99,'2015-04-22 05:12:18.471414','2015-05-24 22:42:19.023527');
INSERT INTO "sausages" VALUES(12,'Leberkase','Contains beef,  pork trimmings, pork butt and pork liver',20,'t',300,3.99,'2015-04-22 05:14:29.061677','2015-04-22 05:14:29.061677');
INSERT INTO "sausages" VALUES(13,'Knockwurst','Veal, prok trimmings, beef and pork fat',49,'t',40,8.99,'2015-04-22 05:16:21.092841','2015-05-03 14:06:25.210403');
INSERT INTO "sausages" VALUES(14,'Merquez Sausage','Pork Butts, lamb and seasonings',198,'f',400,8.99,'2015-04-22 05:25:10.769113','2015-05-03 14:05:31.642000');
INSERT INTO "sausages" VALUES(15,'Chorizo','Mexican pork sausage',43,'t',300,4.99,'2015-04-24 01:29:24.095762','2015-05-12 04:44:10.343702');
INSERT INTO "sausages" VALUES(16,'Kielbasa','Polish Sausage',10,'t',300,5.99,'2015-04-24 01:31:21.889662','2015-04-24 01:31:21.889662');
INSERT INTO "sausages" VALUES(17,'Weisswurst','German white sausage with veal and pork',8,'t',450,8.99,'2015-05-13 01:49:33.908123','2015-05-13 06:13:00.661020');
INSERT INTO "sausages" VALUES(18,'Beef Sausages','Quality beef sausages',4,'t',499,8.99,'2015-05-13 03:23:27.206210','2015-05-24 22:41:31.937117');
INSERT INTO "sausages" VALUES(19,'Mild-Hot Italian','Pork Sausage with Italian spices and crushed hot peppers',10,'t',500,5.99,'2015-05-13 03:46:36.303966','2015-05-13 03:46:36.303966');
INSERT INTO "sausages" VALUES(27,'Carmelo''s Special','Pork and Vea; with secret spices',10,'t',10,5.99,'2015-05-16 00:18:19.847607','2015-05-16 00:18:19.847607');
INSERT INTO "sausages" VALUES(28,'California Sausage','Chicken and Herbs',9,'f',200,4.99,'2015-05-23 18:18:24.243581','2015-05-24 01:56:43.440328');
CREATE TABLE "carts" ("id" SERIAL PRIMARY KEY NOT NULL, "created_at" timestamp NOT NULL, "updated_at" timestamp NOT NULL);
INSERT INTO "carts" VALUES(1,'2015-04-21 05:33:53.042415','2015-04-21 05:33:53.042415');
INSERT INTO "carts" VALUES(2,'2015-04-21 12:55:07.902735','2015-04-21 12:55:07.902735');
INSERT INTO "carts" VALUES(3,'2015-04-22 02:25:34.401900','2015-04-22 02:25:34.401900');
INSERT INTO "carts" VALUES(7,'2015-04-22 04:49:54.148364','2015-04-22 04:49:54.148364');
INSERT INTO "carts" VALUES(8,'2015-04-22 13:19:55.039373','2015-04-22 13:19:55.039373');
INSERT INTO "carts" VALUES(68,'2015-04-24 13:49:57.290566','2015-04-24 13:49:57.290566');
INSERT INTO "carts" VALUES(69,'2015-04-24 14:09:00.195563','2015-04-24 14:09:00.195563');
INSERT INTO "carts" VALUES(85,'2015-04-25 02:39:49.150057','2015-04-25 02:39:49.150057');
INSERT INTO "carts" VALUES(126,'2015-04-27 01:24:30.864382','2015-04-27 01:24:30.864382');
INSERT INTO "carts" VALUES(131,'2015-04-29 04:16:19.450157','2015-04-29 04:16:19.450157');
INSERT INTO "carts" VALUES(134,'2015-04-29 13:53:18.826271','2015-04-29 13:53:18.826271');
INSERT INTO "carts" VALUES(136,'2015-04-30 03:34:57.161192','2015-04-30 03:34:57.161192');
INSERT INTO "carts" VALUES(141,'2015-05-01 23:48:19.171651','2015-05-01 23:48:19.171651');
INSERT INTO "carts" VALUES(142,'2015-05-02 00:22:00.984182','2015-05-02 00:22:00.984182');
INSERT INTO "carts" VALUES(180,'2015-05-02 23:12:43.565508','2015-05-02 23:12:43.565508');
INSERT INTO "carts" VALUES(196,'2015-05-10 05:07:54.988842','2015-05-10 05:07:54.988842');
INSERT INTO "carts" VALUES(216,'2015-05-12 05:53:15.935607','2015-05-12 05:53:15.935607');
INSERT INTO "carts" VALUES(228,'2015-05-24 01:48:49.868891','2015-05-24 01:48:49.868891');
INSERT INTO "carts" VALUES(233,'2015-05-30 03:01:51.241187','2015-05-30 03:01:51.241187');
CREATE TABLE "line_items" ("id" SERIAL PRIMARY KEY NOT NULL, "sausage_id" integer, "cart_id" integer, "created_at" timestamp NOT NULL, "updated_at" timestamp NOT NULL, "quantity" integer DEFAULT 1, "order_id" integer);
INSERT INTO "line_items" VALUES(2,2,1,'2015-04-21 05:34:32.060410','2015-05-16 00:22:00.126633',1,NULL);
INSERT INTO "line_items" VALUES(3,3,2,'2015-04-21 12:55:08.159199','2015-04-21 12:55:08.159199',1,NULL);
INSERT INTO "line_items" VALUES(4,3,2,'2015-04-21 13:07:01.095369','2015-04-21 13:07:01.095369',1,NULL);
INSERT INTO "line_items" VALUES(5,1,2,'2015-04-21 13:07:25.978379','2015-04-21 13:07:25.978379',1,NULL);
INSERT INTO "line_items" VALUES(6,4,2,'2015-04-21 13:08:27.460197','2015-04-21 13:08:27.460197',1,NULL);
INSERT INTO "line_items" VALUES(7,4,2,'2015-04-21 13:12:04.481624','2015-04-21 13:12:04.481624',1,NULL);
INSERT INTO "line_items" VALUES(8,3,2,'2015-04-21 13:14:06.991836','2015-04-21 13:14:06.991836',1,NULL);
INSERT INTO "line_items" VALUES(9,2,2,'2015-04-21 13:15:43.198552','2015-04-21 13:15:43.198552',1,NULL);
INSERT INTO "line_items" VALUES(10,4,2,'2015-04-21 13:15:57.095367','2015-04-21 13:15:57.095367',1,NULL);
INSERT INTO "line_items" VALUES(11,1,2,'2015-04-21 13:17:31.054971','2015-04-21 13:17:31.054971',1,NULL);
INSERT INTO "line_items" VALUES(12,4,2,'2015-04-21 13:34:31.984169','2015-04-21 13:34:31.984169',1,NULL);
INSERT INTO "line_items" VALUES(13,1,2,'2015-04-21 13:52:31.791627','2015-04-21 13:52:31.791627',1,NULL);
INSERT INTO "line_items" VALUES(14,1,2,'2015-04-21 13:53:39.039273','2015-04-21 13:53:39.039273',1,NULL);
INSERT INTO "line_items" VALUES(15,4,2,'2015-04-21 14:01:15.642287','2015-04-21 14:01:15.642287',1,NULL);
INSERT INTO "line_items" VALUES(16,3,2,'2015-04-21 14:01:27.553744','2015-04-21 14:01:27.553744',1,NULL);
INSERT INTO "line_items" VALUES(17,3,3,'2015-04-22 02:25:35.004924','2015-04-22 02:54:52.648524',2,NULL);
INSERT INTO "line_items" VALUES(18,3,3,'2015-04-22 02:25:43.999581','2015-04-22 02:25:43.999581',1,NULL);
INSERT INTO "line_items" VALUES(19,4,3,'2015-04-22 02:27:02.545955','2015-04-22 02:54:46.011500',2,NULL);
INSERT INTO "line_items" VALUES(20,3,3,'2015-04-22 02:28:42.961726','2015-04-22 02:28:42.961726',1,NULL);
INSERT INTO "line_items" VALUES(21,2,3,'2015-04-22 02:30:23.131957','2015-04-22 02:30:23.131957',1,NULL);
INSERT INTO "line_items" VALUES(22,1,3,'2015-04-22 02:45:10.774656','2015-04-22 02:54:28.340517',2,NULL);
INSERT INTO "line_items" VALUES(23,1,3,'2015-04-22 02:45:24.202330','2015-04-22 02:45:24.202330',1,NULL);
INSERT INTO "line_items" VALUES(40,7,7,'2015-04-22 04:49:54.308909','2015-04-22 04:49:54.308909',1,NULL);
INSERT INTO "line_items" VALUES(41,5,7,'2015-04-22 04:49:59.257383','2015-04-22 05:19:16.692243',2,NULL);
INSERT INTO "line_items" VALUES(42,2,7,'2015-04-22 04:50:05.580006','2015-04-22 04:50:12.964434',2,NULL);
INSERT INTO "line_items" VALUES(43,9,7,'2015-04-22 04:50:09.125744','2015-04-22 04:50:09.125744',1,NULL);
INSERT INTO "line_items" VALUES(44,3,7,'2015-04-22 04:50:18.887564','2015-04-22 04:50:18.887564',1,NULL);
INSERT INTO "line_items" VALUES(45,8,7,'2015-04-22 05:18:37.891664','2015-04-22 05:18:37.891664',1,NULL);
INSERT INTO "line_items" VALUES(46,10,7,'2015-04-22 05:18:47.551921','2015-04-22 05:18:53.752542',2,NULL);
INSERT INTO "line_items" VALUES(47,12,7,'2015-04-22 05:19:04.287667','2015-04-22 05:19:04.287667',1,NULL);
INSERT INTO "line_items" VALUES(48,14,7,'2015-04-22 05:25:54.145475','2015-04-22 05:25:54.145475',1,NULL);
INSERT INTO "line_items" VALUES(49,5,8,'2015-04-22 13:19:55.272649','2015-04-22 13:52:10.562686',2,NULL);
INSERT INTO "line_items" VALUES(50,13,8,'2015-04-22 13:20:05.313315','2015-04-22 13:20:12.537467',2,NULL);
INSERT INTO "line_items" VALUES(51,12,8,'2015-04-22 14:00:04.640543','2015-04-22 14:00:04.640543',1,NULL);
INSERT INTO "line_items" VALUES(59,5,NULL,'2015-04-23 01:58:28.630771','2015-04-23 02:12:06.513097',1,1);
INSERT INTO "line_items" VALUES(60,6,NULL,'2015-04-23 01:58:33.950303','2015-04-23 02:12:06.519595',1,1);
INSERT INTO "line_items" VALUES(61,7,NULL,'2015-04-23 01:58:38.840126','2015-04-23 02:12:06.525215',1,1);
INSERT INTO "line_items" VALUES(62,10,NULL,'2015-04-23 02:07:26.032474','2015-04-23 02:12:06.529715',1,1);
INSERT INTO "line_items" VALUES(63,11,NULL,'2015-04-23 02:12:13.183062','2015-04-23 02:12:23.115310',1,2);
INSERT INTO "line_items" VALUES(64,12,NULL,'2015-04-23 02:15:05.973214','2015-04-23 02:19:59.332992',1,3);
INSERT INTO "line_items" VALUES(65,1,NULL,'2015-04-23 02:15:54.885131','2015-04-23 02:19:59.339861',1,3);
INSERT INTO "line_items" VALUES(66,11,NULL,'2015-04-23 02:20:13.571898','2015-04-23 02:21:47.268967',1,4);
INSERT INTO "line_items" VALUES(67,12,NULL,'2015-04-23 02:32:18.771754','2015-04-23 02:32:34.293650',1,5);
INSERT INTO "line_items" VALUES(68,12,NULL,'2015-04-23 04:09:49.738324','2015-04-23 04:10:58.679926',1,6);
INSERT INTO "line_items" VALUES(69,6,NULL,'2015-04-23 13:44:37.788098','2015-04-23 13:45:01.904525',1,7);
INSERT INTO "line_items" VALUES(70,1,NULL,'2015-04-23 13:44:44.865152','2015-04-23 13:45:01.908684',1,7);
INSERT INTO "line_items" VALUES(71,14,NULL,'2015-04-23 22:51:48.425433','2015-04-23 22:52:13.823499',1,8);
INSERT INTO "line_items" VALUES(72,9,NULL,'2015-04-23 22:51:54.788154','2015-04-23 22:52:13.834348',1,8);
INSERT INTO "line_items" VALUES(75,7,NULL,'2015-04-23 22:53:33.482209','2015-04-23 22:54:08.891409',1,9);
INSERT INTO "line_items" VALUES(76,9,NULL,'2015-04-23 22:53:44.171558','2015-04-23 22:54:08.896927',1,9);
INSERT INTO "line_items" VALUES(77,4,NULL,'2015-04-23 22:58:52.577142','2015-04-23 22:59:04.137247',1,10);
INSERT INTO "line_items" VALUES(78,3,NULL,'2015-04-23 22:59:49.413435','2015-04-23 23:13:03.520751',1,12);
INSERT INTO "line_items" VALUES(79,4,NULL,'2015-04-23 23:03:25.758936','2015-04-23 23:13:03.525361',1,12);
INSERT INTO "line_items" VALUES(80,10,NULL,'2015-04-23 23:12:50.719173','2015-04-23 23:13:03.546943',1,12);
INSERT INTO "line_items" VALUES(81,4,NULL,'2015-04-23 23:16:18.569393','2015-04-23 23:16:32.347311',1,13);
INSERT INTO "line_items" VALUES(82,2,NULL,'2015-04-23 23:16:44.440696','2015-04-23 23:16:55.309427',1,14);
INSERT INTO "line_items" VALUES(83,6,NULL,'2015-04-23 23:18:12.108877','2015-04-23 23:18:23.580159',1,15);
INSERT INTO "line_items" VALUES(84,9,NULL,'2015-04-23 23:18:58.367212','2015-04-23 23:19:07.811950',1,16);
INSERT INTO "line_items" VALUES(85,9,NULL,'2015-04-23 23:20:33.708010','2015-04-23 23:20:44.962384',1,17);
INSERT INTO "line_items" VALUES(86,11,NULL,'2015-04-23 23:27:46.206909','2015-04-23 23:39:30.194267',1,18);
INSERT INTO "line_items" VALUES(87,7,NULL,'2015-04-23 23:55:53.911892','2015-04-23 23:56:05.428406',1,27);
INSERT INTO "line_items" VALUES(88,4,NULL,'2015-04-24 00:56:36.747710','2015-04-24 00:58:21.011807',1,31);
INSERT INTO "line_items" VALUES(89,2,NULL,'2015-04-24 01:09:59.060306','2015-04-24 01:10:13.822502',1,36);
INSERT INTO "line_items" VALUES(90,9,NULL,'2015-04-24 01:12:38.528912','2015-04-24 01:13:43.909809',2,37);
INSERT INTO "line_items" VALUES(91,5,NULL,'2015-04-24 01:12:54.346042','2015-04-24 01:13:43.920770',1,37);
INSERT INTO "line_items" VALUES(92,14,NULL,'2015-04-24 01:13:00.565921','2015-04-24 01:13:43.924961',1,37);
INSERT INTO "line_items" VALUES(93,6,NULL,'2015-04-24 01:13:09.145938','2015-04-24 01:13:43.931022',1,37);
INSERT INTO "line_items" VALUES(94,1,NULL,'2015-04-24 01:13:18.573602','2015-04-24 01:13:43.934925',1,37);
INSERT INTO "line_items" VALUES(95,13,NULL,'2015-04-24 01:13:29.768390','2015-04-24 01:13:43.938973',1,37);
INSERT INTO "line_items" VALUES(96,7,NULL,'2015-04-24 01:19:21.496083','2015-04-24 01:19:36.948893',1,38);
INSERT INTO "line_items" VALUES(97,4,NULL,'2015-04-24 01:21:05.489176','2015-04-24 01:21:17.929707',1,39);
INSERT INTO "line_items" VALUES(98,16,NULL,'2015-04-24 01:31:48.398759','2015-04-24 01:32:49.787238',1,40);
INSERT INTO "line_items" VALUES(99,13,NULL,'2015-04-24 01:31:56.546726','2015-04-24 01:32:49.791440',1,40);
INSERT INTO "line_items" VALUES(100,14,NULL,'2015-04-24 01:32:04.738297','2015-04-24 01:32:49.794994',1,40);
INSERT INTO "line_items" VALUES(101,10,NULL,'2015-04-24 01:32:12.128895','2015-04-24 01:32:49.798449',1,40);
INSERT INTO "line_items" VALUES(102,15,NULL,'2015-04-24 01:32:18.375723','2015-04-24 01:32:49.801965',1,40);
INSERT INTO "line_items" VALUES(103,9,NULL,'2015-04-24 01:32:26.648520','2015-04-24 01:32:49.805692',2,40);
INSERT INTO "line_items" VALUES(104,9,NULL,'2015-04-24 03:25:11.050219','2015-04-24 03:25:40.585057',1,41);
INSERT INTO "line_items" VALUES(105,4,NULL,'2015-04-24 03:25:49.025595','2015-04-24 03:33:39.785082',1,42);
INSERT INTO "line_items" VALUES(106,7,NULL,'2015-04-24 03:32:59.539192','2015-04-24 03:33:39.790549',1,42);
INSERT INTO "line_items" VALUES(107,15,NULL,'2015-04-24 03:33:45.626428','2015-04-24 03:33:57.321618',1,43);
INSERT INTO "line_items" VALUES(108,14,NULL,'2015-04-24 03:34:44.570858','2015-04-24 03:34:56.788716',1,44);
INSERT INTO "line_items" VALUES(109,9,NULL,'2015-04-24 03:47:47.512703','2015-04-24 03:53:19.576927',1,45);
INSERT INTO "line_items" VALUES(110,10,NULL,'2015-04-24 03:50:02.442349','2015-04-24 03:53:19.582296',1,45);
INSERT INTO "line_items" VALUES(111,7,NULL,'2015-04-24 03:50:51.250591','2015-04-24 03:53:19.587821',1,45);
INSERT INTO "line_items" VALUES(112,9,NULL,'2015-04-24 03:54:58.469759','2015-04-24 03:55:37.045081',1,46);
INSERT INTO "line_items" VALUES(113,2,NULL,'2015-04-24 03:56:29.215071','2015-04-24 03:56:39.303253',1,47);
INSERT INTO "line_items" VALUES(114,2,NULL,'2015-04-24 03:57:07.528658','2015-04-24 04:01:06.171358',1,48);
INSERT INTO "line_items" VALUES(115,9,NULL,'2015-04-24 04:00:45.133289','2015-04-24 04:01:06.178214',1,48);
INSERT INTO "line_items" VALUES(116,9,NULL,'2015-04-24 04:01:52.770366','2015-04-24 04:06:38.957358',1,49);
INSERT INTO "line_items" VALUES(117,4,NULL,'2015-04-24 04:03:41.434171','2015-04-24 04:06:38.965038',1,49);
INSERT INTO "line_items" VALUES(118,11,NULL,'2015-04-24 04:06:09.426932','2015-04-24 04:06:38.970671',1,49);
INSERT INTO "line_items" VALUES(119,7,NULL,'2015-04-24 04:09:14.486821','2015-04-24 04:10:49.115586',1,50);
INSERT INTO "line_items" VALUES(120,2,NULL,'2015-04-24 04:13:41.676547','2015-04-24 04:13:57.702500',1,51);
INSERT INTO "line_items" VALUES(121,2,NULL,'2015-04-24 04:18:22.578786','2015-04-24 04:31:55.813327',2,52);
INSERT INTO "line_items" VALUES(122,15,NULL,'2015-04-24 04:31:42.503512','2015-04-24 04:31:55.820358',1,52);
INSERT INTO "line_items" VALUES(123,5,NULL,'2015-04-24 04:36:40.537484','2015-04-24 04:36:58.917812',1,53);
INSERT INTO "line_items" VALUES(124,5,NULL,'2015-04-24 04:38:44.719358','2015-04-24 04:39:00.684064',1,54);
INSERT INTO "line_items" VALUES(125,1,NULL,'2015-04-24 04:40:02.691335','2015-04-24 04:40:26.287078',1,55);
INSERT INTO "line_items" VALUES(126,2,NULL,'2015-04-24 04:40:12.080528','2015-04-24 04:40:26.291417',1,55);
INSERT INTO "line_items" VALUES(127,9,NULL,'2015-04-24 04:46:06.696309','2015-04-24 04:48:57.356007',1,56);
INSERT INTO "line_items" VALUES(128,15,NULL,'2015-04-24 04:48:23.094245','2015-04-24 04:48:57.360249',1,56);
INSERT INTO "line_items" VALUES(129,7,NULL,'2015-04-24 04:53:51.730519','2015-04-24 04:54:06.969829',1,57);
INSERT INTO "line_items" VALUES(130,7,NULL,'2015-04-24 04:54:23.807479','2015-04-24 04:54:34.551348',1,58);
INSERT INTO "line_items" VALUES(131,11,NULL,'2015-04-24 12:45:48.092577','2015-04-24 12:46:15.014895',1,59);
INSERT INTO "line_items" VALUES(132,14,NULL,'2015-04-24 12:45:55.130358','2015-04-24 12:46:15.022219',1,59);
INSERT INTO "line_items" VALUES(134,9,NULL,'2015-04-24 13:08:30.941386','2015-04-24 13:08:55.818649',1,60);
INSERT INTO "line_items" VALUES(135,9,NULL,'2015-04-24 13:19:40.760673','2015-04-24 13:28:39.365342',3,61);
INSERT INTO "line_items" VALUES(136,4,NULL,'2015-04-24 13:20:36.397690','2015-04-24 13:28:39.369971',1,61);
INSERT INTO "line_items" VALUES(137,11,NULL,'2015-04-24 13:20:46.565287','2015-04-24 13:28:39.375246',1,61);
INSERT INTO "line_items" VALUES(138,1,NULL,'2015-04-24 13:23:12.134337','2015-04-24 13:28:39.378927',1,61);
INSERT INTO "line_items" VALUES(139,2,NULL,'2015-04-24 13:23:17.157656','2015-04-24 13:28:39.382510',1,61);
INSERT INTO "line_items" VALUES(140,5,NULL,'2015-04-24 13:23:39.490227','2015-04-24 13:28:39.386207',1,61);
INSERT INTO "line_items" VALUES(141,2,NULL,'2015-04-24 13:28:46.924449','2015-04-24 13:29:01.620543',1,62);
INSERT INTO "line_items" VALUES(142,9,NULL,'2015-04-24 13:29:22.298925','2015-04-24 13:34:33.649120',1,63);
INSERT INTO "line_items" VALUES(143,7,NULL,'2015-04-24 13:34:39.477626','2015-04-24 13:35:01.265178',1,64);
INSERT INTO "line_items" VALUES(144,3,NULL,'2015-04-24 13:34:44.227358','2015-04-24 13:35:01.278873',1,64);
INSERT INTO "line_items" VALUES(145,4,NULL,'2015-04-24 13:35:11.827722','2015-04-24 13:35:29.078456',1,65);
INSERT INTO "line_items" VALUES(146,9,NULL,'2015-04-25 01:06:42.357048','2015-04-25 01:09:24.136300',1,66);
INSERT INTO "line_items" VALUES(147,7,NULL,'2015-04-25 01:18:55.337081','2015-04-25 01:19:14.451507',1,67);
INSERT INTO "line_items" VALUES(148,1,NULL,'2015-04-25 01:19:20.477692','2015-04-25 01:20:26.168474',1,68);
INSERT INTO "line_items" VALUES(149,4,NULL,'2015-04-25 01:26:49.674794','2015-04-25 01:27:29.780985',1,69);
INSERT INTO "line_items" VALUES(150,2,NULL,'2015-04-25 01:33:04.630683','2015-04-25 01:33:24.187358',1,70);
INSERT INTO "line_items" VALUES(151,7,NULL,'2015-04-25 02:24:31.241261','2015-04-25 02:25:07.590932',2,71);
INSERT INTO "line_items" VALUES(152,11,NULL,'2015-04-25 02:24:46.094194','2015-04-25 02:25:07.596094',1,71);
INSERT INTO "line_items" VALUES(153,7,NULL,'2015-04-25 02:25:13.815602','2015-04-25 02:25:26.554569',1,72);
INSERT INTO "line_items" VALUES(154,15,NULL,'2015-04-25 02:26:48.226558','2015-04-25 02:26:59.200882',1,73);
INSERT INTO "line_items" VALUES(155,11,NULL,'2015-04-25 02:29:35.638585','2015-04-25 02:29:46.952376',1,75);
INSERT INTO "line_items" VALUES(156,7,NULL,'2015-04-25 02:33:23.230187','2015-04-25 02:33:35.099897',1,76);
INSERT INTO "line_items" VALUES(157,7,NULL,'2015-04-25 02:33:40.570515','2015-04-25 02:33:52.974848',1,77);
INSERT INTO "line_items" VALUES(158,1,NULL,'2015-04-25 02:35:15.187557','2015-04-25 02:35:29.117801',1,78);
INSERT INTO "line_items" VALUES(159,7,NULL,'2015-04-25 02:35:34.723160','2015-04-25 02:35:46.225395',1,79);
INSERT INTO "line_items" VALUES(160,15,NULL,'2015-04-25 02:37:52.455918','2015-04-25 02:38:03.044762',1,80);
INSERT INTO "line_items" VALUES(161,9,NULL,'2015-04-25 03:08:31.388330','2015-04-25 03:08:42.196916',1,81);
INSERT INTO "line_items" VALUES(162,7,NULL,'2015-04-25 03:16:24.605141','2015-04-25 03:24:37.015589',1,85);
INSERT INTO "line_items" VALUES(163,5,NULL,'2015-04-25 03:17:40.793161','2015-04-25 03:24:37.025231',1,85);
INSERT INTO "line_items" VALUES(164,9,NULL,'2015-04-25 17:57:13.392464','2015-04-25 18:44:33.301943',1,90);
INSERT INTO "line_items" VALUES(165,2,NULL,'2015-04-25 18:29:59.089178','2015-04-25 18:44:33.310384',1,90);
INSERT INTO "line_items" VALUES(166,11,NULL,'2015-04-25 18:42:44.643262','2015-04-25 18:44:33.355166',1,90);
INSERT INTO "line_items" VALUES(167,9,NULL,'2015-04-25 18:48:28.215921','2015-04-25 18:48:42.617857',1,92);
INSERT INTO "line_items" VALUES(168,11,NULL,'2015-04-25 18:52:46.599300','2015-04-25 18:53:15.822312',1,93);
INSERT INTO "line_items" VALUES(169,4,NULL,'2015-04-25 18:53:32.208581','2015-04-25 18:55:01.669347',1,94);
INSERT INTO "line_items" VALUES(170,5,NULL,'2015-04-25 18:54:11.638597','2015-04-25 18:55:01.675596',1,94);
INSERT INTO "line_items" VALUES(171,4,NULL,'2015-04-25 19:03:27.198424','2015-04-25 19:03:54.587210',1,95);
INSERT INTO "line_items" VALUES(172,2,NULL,'2015-04-25 22:25:40.268392','2015-04-25 22:25:55.312404',1,96);
INSERT INTO "line_items" VALUES(173,9,NULL,'2015-04-25 22:53:10.924792','2015-04-25 22:59:52.780179',1,98);
INSERT INTO "line_items" VALUES(174,9,NULL,'2015-04-25 23:00:30.600018','2015-04-25 23:00:45.281106',1,99);
INSERT INTO "line_items" VALUES(175,15,NULL,'2015-04-25 23:03:45.027449','2015-04-25 23:08:47.161563',1,100);
INSERT INTO "line_items" VALUES(176,15,NULL,'2015-04-25 23:10:03.456612','2015-04-25 23:10:14.795963',1,101);
INSERT INTO "line_items" VALUES(177,4,NULL,'2015-04-25 23:11:24.122399','2015-04-25 23:11:37.266771',1,102);
INSERT INTO "line_items" VALUES(178,5,NULL,'2015-04-25 23:12:26.013576','2015-04-25 23:38:03.876047',1,103);
INSERT INTO "line_items" VALUES(179,11,NULL,'2015-04-25 23:17:51.267424','2015-04-25 23:38:03.883968',1,103);
INSERT INTO "line_items" VALUES(180,4,NULL,'2015-04-25 23:19:28.424465','2015-04-25 23:38:03.889639',2,103);
INSERT INTO "line_items" VALUES(181,10,NULL,'2015-04-25 23:20:39.451954','2015-04-25 23:38:03.896105',1,103);
INSERT INTO "line_items" VALUES(182,7,NULL,'2015-04-25 23:29:04.586248','2015-04-25 23:38:03.901080',1,103);
INSERT INTO "line_items" VALUES(183,15,NULL,'2015-04-25 23:33:10.850786','2015-04-25 23:38:03.917798',1,103);
INSERT INTO "line_items" VALUES(184,1,NULL,'2015-04-25 23:34:52.839806','2015-04-25 23:38:03.923000',1,103);
INSERT INTO "line_items" VALUES(185,4,NULL,'2015-04-25 23:41:55.498352','2015-04-25 23:42:15.074008',1,104);
INSERT INTO "line_items" VALUES(186,11,NULL,'2015-04-25 23:44:02.156192','2015-04-25 23:44:17.105499',1,105);
INSERT INTO "line_items" VALUES(187,9,NULL,'2015-04-25 23:44:59.297789','2015-04-25 23:46:31.619283',1,106);
INSERT INTO "line_items" VALUES(188,5,NULL,'2015-04-25 23:46:50.014324','2015-04-25 23:47:08.092980',1,107);
INSERT INTO "line_items" VALUES(189,7,NULL,'2015-04-25 23:51:40.334848','2015-04-25 23:56:25.676797',2,108);
INSERT INTO "line_items" VALUES(190,11,NULL,'2015-04-25 23:52:44.699765','2015-04-25 23:56:25.689133',1,108);
INSERT INTO "line_items" VALUES(191,5,NULL,'2015-04-25 23:52:58.218206','2015-04-25 23:56:25.716617',2,108);
INSERT INTO "line_items" VALUES(192,3,NULL,'2015-04-25 23:59:28.247980','2015-04-25 23:59:42.040181',1,109);
INSERT INTO "line_items" VALUES(193,7,NULL,'2015-04-26 00:01:35.711963','2015-04-26 00:01:51.384091',1,110);
INSERT INTO "line_items" VALUES(194,11,NULL,'2015-04-26 00:15:12.062965','2015-04-26 00:15:23.739961',1,117);
INSERT INTO "line_items" VALUES(195,5,NULL,'2015-04-26 00:17:41.795452','2015-04-26 00:17:54.772612',1,119);
INSERT INTO "line_items" VALUES(196,2,NULL,'2015-04-26 00:18:58.068465','2015-04-26 00:19:11.289813',1,120);
INSERT INTO "line_items" VALUES(197,2,NULL,'2015-04-26 00:24:18.628495','2015-04-26 00:24:28.964332',1,121);
INSERT INTO "line_items" VALUES(198,11,NULL,'2015-04-26 01:35:21.496203','2015-04-26 01:36:44.412367',2,122);
INSERT INTO "line_items" VALUES(199,15,NULL,'2015-04-26 01:35:29.081612','2015-04-26 01:36:44.417847',1,122);
INSERT INTO "line_items" VALUES(200,2,NULL,'2015-04-26 01:35:46.407573','2015-04-26 01:36:44.429693',1,122);
INSERT INTO "line_items" VALUES(201,6,NULL,'2015-04-26 01:37:38.755453','2015-04-26 01:38:50.041910',1,123);
INSERT INTO "line_items" VALUES(202,7,NULL,'2015-04-26 02:55:17.860894','2015-04-26 02:55:29.660744',1,124);
INSERT INTO "line_items" VALUES(203,4,NULL,'2015-04-26 03:18:31.095395','2015-04-26 03:18:47.157965',1,125);
INSERT INTO "line_items" VALUES(204,5,NULL,'2015-04-26 03:18:36.038306','2015-04-26 03:18:47.161823',1,125);
INSERT INTO "line_items" VALUES(205,7,NULL,'2015-04-26 03:52:33.327256','2015-04-26 03:52:47.331736',1,126);
INSERT INTO "line_items" VALUES(206,16,NULL,'2015-04-26 03:54:20.893325','2015-04-26 03:54:33.707775',1,127);
INSERT INTO "line_items" VALUES(207,11,NULL,'2015-04-26 04:00:51.788196','2015-04-26 04:01:12.273564',1,128);
INSERT INTO "line_items" VALUES(208,5,NULL,'2015-04-26 04:00:57.319602','2015-04-26 04:01:12.277236',1,128);
INSERT INTO "line_items" VALUES(209,7,NULL,'2015-04-26 04:01:18.394997','2015-04-26 04:01:46.452945',1,129);
INSERT INTO "line_items" VALUES(210,1,NULL,'2015-04-26 04:01:29.505229','2015-04-26 04:01:46.457001',1,129);
INSERT INTO "line_items" VALUES(213,15,NULL,'2015-04-26 04:53:42.249120','2015-04-26 04:53:59.763600',1,130);
INSERT INTO "line_items" VALUES(214,2,NULL,'2015-04-26 04:53:47.592732','2015-04-26 04:53:59.769751',1,130);
INSERT INTO "line_items" VALUES(215,15,NULL,'2015-04-26 05:09:50.393886','2015-04-26 05:11:02.735123',1,131);
INSERT INTO "line_items" VALUES(216,2,NULL,'2015-04-26 05:09:57.139646','2015-04-26 05:11:02.739115',3,131);
INSERT INTO "line_items" VALUES(217,12,NULL,'2015-04-26 05:10:16.244015','2015-04-26 05:11:02.743814',1,131);
INSERT INTO "line_items" VALUES(218,14,NULL,'2015-04-26 05:10:23.866773','2015-04-26 05:11:02.748167',1,131);
INSERT INTO "line_items" VALUES(219,10,NULL,'2015-04-26 05:14:34.630980','2015-04-26 05:14:51.937255',2,132);
INSERT INTO "line_items" VALUES(220,2,NULL,'2015-04-26 05:19:54.082419','2015-04-26 05:20:17.831440',1,133);
INSERT INTO "line_items" VALUES(221,9,NULL,'2015-04-26 05:20:00.319561','2015-04-26 05:20:17.836399',1,133);
INSERT INTO "line_items" VALUES(222,4,NULL,'2015-04-26 05:20:33.510108','2015-04-26 05:45:32.826565',1,134);
INSERT INTO "line_items" VALUES(223,2,NULL,'2015-04-26 05:45:20.440558','2015-04-26 05:45:32.830772',1,134);
INSERT INTO "line_items" VALUES(224,2,NULL,'2015-04-26 05:46:39.754763','2015-04-26 05:46:55.383216',1,135);
INSERT INTO "line_items" VALUES(225,7,NULL,'2015-04-26 16:15:39.998805','2015-04-26 16:15:53.539101',1,136);
INSERT INTO "line_items" VALUES(226,15,NULL,'2015-04-26 16:20:24.466441','2015-04-26 16:20:45.355261',1,137);
INSERT INTO "line_items" VALUES(227,7,NULL,'2015-04-26 17:13:04.680076','2015-04-26 18:56:25.420162',1,138);
INSERT INTO "line_items" VALUES(228,10,NULL,'2015-04-26 18:56:11.866808','2015-04-26 18:56:25.432719',1,138);
INSERT INTO "line_items" VALUES(229,5,126,'2015-04-27 01:24:31.122057','2015-04-27 01:24:31.122057',1,NULL);
INSERT INTO "line_items" VALUES(230,4,NULL,'2015-04-28 03:01:19.354621','2015-04-28 03:01:33.136865',1,139);
INSERT INTO "line_items" VALUES(231,15,NULL,'2015-04-29 03:48:06.674275','2015-04-29 04:12:24.288421',1,140);
INSERT INTO "line_items" VALUES(232,7,NULL,'2015-04-29 04:14:06.681927','2015-04-29 04:14:16.872158',1,141);
INSERT INTO "line_items" VALUES(233,4,NULL,'2015-04-29 04:15:17.478767','2015-04-29 04:15:28.347254',1,142);
INSERT INTO "line_items" VALUES(234,7,131,'2015-04-29 04:16:19.686935','2015-04-29 04:16:19.686935',1,NULL);
INSERT INTO "line_items" VALUES(235,4,131,'2015-04-29 04:28:23.424134','2015-04-29 04:28:23.424134',1,NULL);
INSERT INTO "line_items" VALUES(236,11,NULL,'2015-04-29 13:31:32.936799','2015-04-29 13:38:18.389925',2,143);
INSERT INTO "line_items" VALUES(237,11,NULL,'2015-04-29 13:39:16.236795','2015-04-29 13:50:47.894862',1,144);
INSERT INTO "line_items" VALUES(238,4,134,'2015-04-29 13:53:19.050106','2015-04-29 13:53:19.050106',1,NULL);
INSERT INTO "line_items" VALUES(239,11,NULL,'2015-04-30 03:20:08.671561','2015-04-30 03:32:24.591228',1,145);
INSERT INTO "line_items" VALUES(240,11,136,'2015-04-30 03:34:57.670562','2015-04-30 03:34:57.670562',1,NULL);
INSERT INTO "line_items" VALUES(241,15,NULL,'2015-05-01 22:13:50.803115','2015-05-01 23:45:39.294295',1,146);
INSERT INTO "line_items" VALUES(242,2,NULL,'2015-05-01 23:45:46.620702','2015-05-01 23:45:58.569000',1,147);
INSERT INTO "line_items" VALUES(243,2,NULL,'2015-05-01 23:46:08.317716','2015-05-01 23:46:19.691936',1,148);
INSERT INTO "line_items" VALUES(244,2,NULL,'2015-05-01 23:46:58.533744','2015-05-01 23:47:14.550290',1,149);
INSERT INTO "line_items" VALUES(245,2,141,'2015-05-01 23:48:19.353555','2015-05-01 23:48:19.353555',1,NULL);
INSERT INTO "line_items" VALUES(246,7,142,'2015-05-02 00:22:01.523462','2015-05-02 00:22:01.523462',1,NULL);
INSERT INTO "line_items" VALUES(247,2,NULL,'2015-05-02 00:23:21.372998','2015-05-02 00:24:18.346916',1,150);
INSERT INTO "line_items" VALUES(248,11,NULL,'2015-05-02 00:23:41.857752','2015-05-02 00:24:18.360543',1,150);
INSERT INTO "line_items" VALUES(249,9,NULL,'2015-05-02 01:17:18.470862','2015-05-02 01:17:58.948613',1,151);
INSERT INTO "line_items" VALUES(250,2,NULL,'2015-05-02 01:21:53.400649','2015-05-02 02:35:03.590490',1,152);
INSERT INTO "line_items" VALUES(251,4,NULL,'2015-05-02 02:36:02.152951','2015-05-02 02:36:19.021363',1,153);
INSERT INTO "line_items" VALUES(252,9,NULL,'2015-05-02 02:40:58.154416','2015-05-02 02:41:09.993668',1,154);
INSERT INTO "line_items" VALUES(253,7,NULL,'2015-05-02 02:43:50.839003','2015-05-02 02:49:20.633158',1,155);
INSERT INTO "line_items" VALUES(254,2,NULL,'2015-05-02 02:50:59.648667','2015-05-02 02:51:13.711116',1,156);
INSERT INTO "line_items" VALUES(255,2,NULL,'2015-05-02 02:51:48.773560','2015-05-02 02:52:08.361003',1,157);
INSERT INTO "line_items" VALUES(256,9,NULL,'2015-05-02 02:51:54.456139','2015-05-02 02:52:08.364512',1,157);
INSERT INTO "line_items" VALUES(257,4,NULL,'2015-05-02 02:54:00.327046','2015-05-02 02:54:17.114260',1,158);
INSERT INTO "line_items" VALUES(258,4,NULL,'2015-05-02 02:56:32.139563','2015-05-02 02:56:47.388228',1,159);
INSERT INTO "line_items" VALUES(259,9,NULL,'2015-05-02 02:59:04.618509','2015-05-02 02:59:18.547257',1,160);
INSERT INTO "line_items" VALUES(260,9,NULL,'2015-05-02 03:01:51.395207','2015-05-02 03:02:03.974964',1,161);
INSERT INTO "line_items" VALUES(261,4,NULL,'2015-05-02 03:02:44.909934','2015-05-02 03:03:02.850962',1,162);
INSERT INTO "line_items" VALUES(262,4,NULL,'2015-05-02 03:06:25.306465','2015-05-02 03:33:02.923094',2,163);
INSERT INTO "line_items" VALUES(263,3,NULL,'2015-05-02 03:37:59.576748','2015-05-02 03:38:13.309753',1,164);
INSERT INTO "line_items" VALUES(264,7,NULL,'2015-05-02 03:49:35.809852','2015-05-02 03:57:50.945165',1,165);
INSERT INTO "line_items" VALUES(265,3,NULL,'2015-05-02 20:34:39.749256','2015-05-02 20:38:26.135773',1,166);
INSERT INTO "line_items" VALUES(266,9,NULL,'2015-05-02 20:39:49.026310','2015-05-02 20:51:58.738810',1,167);
INSERT INTO "line_items" VALUES(267,6,NULL,'2015-05-02 20:54:46.456307','2015-05-02 20:58:15.831970',1,168);
INSERT INTO "line_items" VALUES(268,6,NULL,'2015-05-02 20:59:34.646736','2015-05-02 20:59:44.831435',1,169);
INSERT INTO "line_items" VALUES(269,6,NULL,'2015-05-02 21:01:08.675981','2015-05-02 21:01:19.540718',1,170);
INSERT INTO "line_items" VALUES(270,9,NULL,'2015-05-02 21:02:31.448978','2015-05-02 21:10:36.768565',1,171);
INSERT INTO "line_items" VALUES(271,6,NULL,'2015-05-02 21:11:21.508678','2015-05-02 21:14:17.460477',1,172);
INSERT INTO "line_items" VALUES(272,8,NULL,'2015-05-02 21:14:23.735702','2015-05-02 21:14:33.449248',1,173);
INSERT INTO "line_items" VALUES(275,16,NULL,'2015-05-02 21:19:54.140985','2015-05-02 21:20:04.182276',1,176);
INSERT INTO "line_items" VALUES(276,9,NULL,'2015-05-02 21:23:32.187310','2015-05-02 21:23:45.014631',1,177);
INSERT INTO "line_items" VALUES(278,7,NULL,'2015-05-02 21:34:26.068692','2015-05-02 21:34:47.093737',2,179);
INSERT INTO "line_items" VALUES(279,7,NULL,'2015-05-02 21:54:44.984782','2015-05-02 21:54:54.126281',1,180);
INSERT INTO "line_items" VALUES(280,9,NULL,'2015-05-02 21:57:13.961942','2015-05-02 21:57:23.386415',1,181);
INSERT INTO "line_items" VALUES(282,15,NULL,'2015-05-02 22:00:45.098092','2015-05-02 22:00:55.460670',1,183);
INSERT INTO "line_items" VALUES(283,1,NULL,'2015-05-02 22:11:39.800331','2015-05-02 22:12:00.024286',1,184);
INSERT INTO "line_items" VALUES(284,12,NULL,'2015-05-02 22:11:45.215532','2015-05-02 22:12:00.029842',1,184);
INSERT INTO "line_items" VALUES(285,16,NULL,'2015-05-02 22:21:44.816465','2015-05-02 22:21:58.244802',1,185);
INSERT INTO "line_items" VALUES(286,10,NULL,'2015-05-02 22:24:01.735105','2015-05-02 22:24:16.158407',1,186);
INSERT INTO "line_items" VALUES(287,1,NULL,'2015-05-03 13:38:56.219192','2015-05-03 13:41:22.751732',1,187);
INSERT INTO "line_items" VALUES(288,15,NULL,'2015-05-03 13:41:05.552691','2015-05-03 13:41:22.762003',1,187);
INSERT INTO "line_items" VALUES(289,3,NULL,'2015-05-03 13:42:21.669276','2015-05-03 13:54:39.836106',1,188);
INSERT INTO "line_items" VALUES(290,2,NULL,'2015-05-03 13:53:01.793548','2015-05-03 13:54:39.850323',1,188);
INSERT INTO "line_items" VALUES(291,2,NULL,'2015-05-03 13:56:05.330496','2015-05-03 14:01:19.903212',1,189);
INSERT INTO "line_items" VALUES(292,2,NULL,'2015-05-03 14:01:27.996134','2015-05-03 14:01:43.656582',1,190);
INSERT INTO "line_items" VALUES(293,6,NULL,'2015-05-03 14:01:51.732209','2015-05-03 14:02:04.620150',1,191);
INSERT INTO "line_items" VALUES(294,6,NULL,'2015-05-03 14:02:22.256780','2015-05-03 14:02:38.066878',1,192);
INSERT INTO "line_items" VALUES(295,14,NULL,'2015-05-03 14:04:21.813510','2015-05-03 14:04:38.860782',1,193);
INSERT INTO "line_items" VALUES(296,1,NULL,'2015-05-03 14:04:28.214604','2015-05-03 14:04:38.866099',1,193);
INSERT INTO "line_items" VALUES(297,14,NULL,'2015-05-03 14:05:02.823478','2015-05-03 14:05:32.214239',1,194);
INSERT INTO "line_items" VALUES(298,6,NULL,'2015-05-03 14:05:07.559824','2015-05-03 14:05:32.219975',1,194);
INSERT INTO "line_items" VALUES(299,4,NULL,'2015-05-03 14:05:14.760442','2015-05-03 14:05:32.224276',1,194);
INSERT INTO "line_items" VALUES(300,4,NULL,'2015-05-03 14:05:53.949110','2015-05-03 14:06:25.353925',1,195);
INSERT INTO "line_items" VALUES(301,6,NULL,'2015-05-03 14:06:00.871522','2015-05-03 14:06:25.357821',1,195);
INSERT INTO "line_items" VALUES(302,13,NULL,'2015-05-03 14:06:14.443695','2015-05-03 14:06:25.362336',1,195);
INSERT INTO "line_items" VALUES(303,3,NULL,'2015-05-03 14:06:47.279667','2015-05-03 14:07:04.579873',2,196);
INSERT INTO "line_items" VALUES(306,2,NULL,'2015-05-09 02:30:11.379017','2015-05-09 05:18:24.274175',2,197);
INSERT INTO "line_items" VALUES(307,9,NULL,'2015-05-09 03:33:32.154690','2015-05-09 05:18:24.278373',2,197);
INSERT INTO "line_items" VALUES(308,2,NULL,'2015-05-09 05:42:41.898342','2015-05-09 05:42:53.846799',1,199);
INSERT INTO "line_items" VALUES(309,2,NULL,'2015-05-10 05:05:53.455736','2015-05-10 05:06:54.687408',1,200);
INSERT INTO "line_items" VALUES(310,10,NULL,'2015-05-10 05:06:01.458094','2015-05-10 05:06:54.691710',1,200);
INSERT INTO "line_items" VALUES(311,7,NULL,'2015-05-10 05:06:37.057902','2015-05-10 05:06:54.698374',1,200);
INSERT INTO "line_items" VALUES(312,15,196,'2015-05-10 05:07:55.538438','2015-05-10 05:07:55.538438',1,NULL);
INSERT INTO "line_items" VALUES(313,2,NULL,'2015-05-12 01:26:51.330161','2015-05-12 03:20:36.264859',15,201);
INSERT INTO "line_items" VALUES(314,9,NULL,'2015-05-12 01:50:19.944274','2015-05-12 03:20:36.274974',3,201);
INSERT INTO "line_items" VALUES(315,15,NULL,'2015-05-12 02:17:46.874871','2015-05-12 03:20:36.282955',2,201);
INSERT INTO "line_items" VALUES(316,4,NULL,'2015-05-12 02:29:14.673937','2015-05-12 03:20:36.290337',1,201);
INSERT INTO "line_items" VALUES(317,7,NULL,'2015-05-12 02:30:38.049966','2015-05-12 03:20:36.297758',2,201);
INSERT INTO "line_items" VALUES(318,8,NULL,'2015-05-12 02:33:32.186328','2015-05-12 03:20:36.304797',1,201);
INSERT INTO "line_items" VALUES(319,1,NULL,'2015-05-12 02:49:56.578039','2015-05-12 03:20:36.311433',1,201);
INSERT INTO "line_items" VALUES(320,5,NULL,'2015-05-12 03:20:04.506858','2015-05-12 03:20:36.319029',1,201);
INSERT INTO "line_items" VALUES(321,2,NULL,'2015-05-12 03:21:25.046498','2015-05-12 03:31:02.711799',2,202);
INSERT INTO "line_items" VALUES(322,9,NULL,'2015-05-12 03:26:55.445088','2015-05-12 03:31:02.717659',1,202);
INSERT INTO "line_items" VALUES(323,10,NULL,'2015-05-12 03:28:52.544029','2015-05-12 03:31:02.724163',1,202);
INSERT INTO "line_items" VALUES(324,7,NULL,'2015-05-12 03:30:42.880369','2015-05-12 03:31:02.728456',1,202);
INSERT INTO "line_items" VALUES(325,2,NULL,'2015-05-12 03:31:37.052024','2015-05-12 03:32:01.942194',1,203);
INSERT INTO "line_items" VALUES(326,9,NULL,'2015-05-12 03:31:47.451492','2015-05-12 03:32:01.945891',1,203);
INSERT INTO "line_items" VALUES(327,9,NULL,'2015-05-12 03:38:28.777275','2015-05-12 03:42:47.803123',1,204);
INSERT INTO "line_items" VALUES(328,11,NULL,'2015-05-12 03:49:44.637344','2015-05-12 03:50:00.257110',1,205);
INSERT INTO "line_items" VALUES(331,2,NULL,'2015-05-12 03:53:31.109612','2015-05-12 03:53:56.321775',1,206);
INSERT INTO "line_items" VALUES(332,11,NULL,'2015-05-12 03:53:37.560130','2015-05-12 03:53:56.325669',1,206);
INSERT INTO "line_items" VALUES(333,2,NULL,'2015-05-12 03:57:22.389514','2015-05-12 04:00:36.218825',1,207);
INSERT INTO "line_items" VALUES(334,7,NULL,'2015-05-12 03:57:38.025968','2015-05-12 04:00:36.229035',1,207);
INSERT INTO "line_items" VALUES(335,9,NULL,'2015-05-12 03:58:26.365719','2015-05-12 04:00:36.233661',1,207);
INSERT INTO "line_items" VALUES(336,4,NULL,'2015-05-12 03:59:03.112550','2015-05-12 04:00:36.237984',1,207);
INSERT INTO "line_items" VALUES(337,11,NULL,'2015-05-12 04:00:07.912316','2015-05-12 04:00:36.242911',1,207);
INSERT INTO "line_items" VALUES(338,15,NULL,'2015-05-12 04:00:48.701123','2015-05-12 04:09:16.541717',1,208);
INSERT INTO "line_items" VALUES(339,2,NULL,'2015-05-12 04:00:58.129335','2015-05-12 04:09:16.545722',1,208);
INSERT INTO "line_items" VALUES(340,7,NULL,'2015-05-12 04:02:05.647853','2015-05-12 04:09:16.550769',1,208);
INSERT INTO "line_items" VALUES(341,10,NULL,'2015-05-12 04:02:21.006842','2015-05-12 04:09:16.556107',1,208);
INSERT INTO "line_items" VALUES(342,2,NULL,'2015-05-12 04:23:16.860922','2015-05-12 04:23:51.117963',1,209);
INSERT INTO "line_items" VALUES(343,4,NULL,'2015-05-12 04:23:22.906787','2015-05-12 04:23:51.125443',1,209);
INSERT INTO "line_items" VALUES(344,5,NULL,'2015-05-12 04:23:28.259517','2015-05-12 04:23:51.134746',2,209);
INSERT INTO "line_items" VALUES(345,15,NULL,'2015-05-12 04:24:25.587760','2015-05-12 04:24:41.443561',1,210);
INSERT INTO "line_items" VALUES(346,2,NULL,'2015-05-12 04:41:43.487718','2015-05-12 04:42:07.715360',2,211);
INSERT INTO "line_items" VALUES(347,9,NULL,'2015-05-12 04:43:43.889120','2015-05-12 04:44:10.492061',1,212);
INSERT INTO "line_items" VALUES(348,4,NULL,'2015-05-12 04:43:50.997312','2015-05-12 04:44:10.497503',1,212);
INSERT INTO "line_items" VALUES(349,15,NULL,'2015-05-12 04:43:56.710344','2015-05-12 04:44:10.515952',1,212);
INSERT INTO "line_items" VALUES(350,2,NULL,'2015-05-12 05:07:59.836071','2015-05-12 05:08:28.464445',1,213);
INSERT INTO "line_items" VALUES(351,2,NULL,'2015-05-12 05:13:03.085791','2015-05-12 05:14:38.090720',1,214);
INSERT INTO "line_items" VALUES(352,2,NULL,'2015-05-12 05:31:58.939738','2015-05-12 05:32:19.448377',1,215);
INSERT INTO "line_items" VALUES(353,7,NULL,'2015-05-12 05:32:05.563680','2015-05-12 05:32:19.458633',1,215);
INSERT INTO "line_items" VALUES(354,2,NULL,'2015-05-12 05:40:28.737387','2015-05-12 05:40:42.202003',1,216);
INSERT INTO "line_items" VALUES(355,9,NULL,'2015-05-12 05:40:55.466374','2015-05-12 05:41:15.425161',1,217);
INSERT INTO "line_items" VALUES(356,9,NULL,'2015-05-12 05:51:47.462988','2015-05-12 05:52:03.056638',1,218);
INSERT INTO "line_items" VALUES(357,2,216,'2015-05-12 05:53:16.095068','2015-05-12 05:53:16.095068',1,NULL);
INSERT INTO "line_items" VALUES(358,9,NULL,'2015-05-12 13:51:16.509085','2015-05-12 14:01:40.650984',1,219);
INSERT INTO "line_items" VALUES(362,2,NULL,'2015-05-13 15:09:00.101471','2015-05-13 15:14:10.485281',2,221);
INSERT INTO "line_items" VALUES(363,18,NULL,'2015-05-13 15:12:46.766197','2015-05-13 15:14:10.490775',1,221);
INSERT INTO "line_items" VALUES(364,18,NULL,'2015-05-13 15:14:23.501159','2015-05-13 15:14:46.463402',1,222);
INSERT INTO "line_items" VALUES(365,4,NULL,'2015-05-13 15:14:34.381612','2015-05-13 15:14:46.469761',1,222);
INSERT INTO "line_items" VALUES(368,2,NULL,'2015-05-14 01:47:28.235819','2015-05-14 01:47:50.161306',2,224);
INSERT INTO "line_items" VALUES(369,2,NULL,'2015-05-16 00:04:07.502784','2015-05-16 00:04:50.754505',2,225);
INSERT INTO "line_items" VALUES(370,2,NULL,'2015-05-16 00:05:01.461786','2015-05-16 00:07:14.105522',2,226);
INSERT INTO "line_items" VALUES(371,18,NULL,'2015-05-17 22:59:05.844937','2015-05-18 00:19:30.020545',1,227);
INSERT INTO "line_items" VALUES(372,2,NULL,'2015-05-18 00:19:15.051444','2015-05-18 00:19:30.028439',1,227);
INSERT INTO "line_items" VALUES(373,2,NULL,'2015-05-21 12:34:04.600320','2015-05-21 12:34:37.761256',1,228);
INSERT INTO "line_items" VALUES(374,18,NULL,'2015-05-23 17:24:39.970085','2015-05-23 17:24:50.372585',1,229);
INSERT INTO "line_items" VALUES(375,2,228,'2015-05-24 01:48:50.211690','2015-05-24 01:48:50.211690',1,NULL);
INSERT INTO "line_items" VALUES(376,28,228,'2015-05-24 01:55:54.074829','2015-05-24 01:55:54.074829',1,NULL);
INSERT INTO "line_items" VALUES(377,18,NULL,'2015-05-24 22:40:04.090787','2015-05-24 22:41:32.327056',1,230);
INSERT INTO "line_items" VALUES(378,4,NULL,'2015-05-24 22:40:16.266721','2015-05-24 22:41:32.348057',1,230);
INSERT INTO "line_items" VALUES(379,11,NULL,'2015-05-24 22:41:49.094578','2015-05-24 22:42:19.373562',1,231);
INSERT INTO "line_items" VALUES(383,1,NULL,'2015-05-25 02:11:32.936059','2015-05-25 02:12:04.294600',1,232);
INSERT INTO "line_items" VALUES(384,5,NULL,'2015-05-25 02:11:41.389590','2015-05-25 02:12:04.303396',1,232);
INSERT INTO "line_items" VALUES(385,2,233,'2015-05-30 03:01:51.506471','2015-05-30 03:01:51.506471',1,NULL);
INSERT INTO "line_items" VALUES(386,4,233,'2015-05-30 03:06:51.819932','2015-05-30 03:06:51.819932',1,NULL);
INSERT INTO "line_items" VALUES(387,2,NULL,'2015-05-30 23:20:29.009806','2015-05-30 23:21:01.355123',1,233);
CREATE TABLE "orders" ("id" SERIAL PRIMARY KEY NOT NULL, "name" varchar, "address" text, "email" varchar, "pay_type" varchar, "created_at" timestamp NOT NULL, "updated_at" timestamp NOT NULL, "total_price" float);
INSERT INTO "orders" VALUES(1,'a customer','a','a','Credit Card','2015-04-23 02:12:06.507086','2015-05-16 00:20:09.281449',32.99);
INSERT INTO "orders" VALUES(2,'b','b','b','Credit Card','2015-04-23 02:12:23.110514','2015-04-24 03:20:17.894779',12.0);
INSERT INTO "orders" VALUES(3,'d','d','d','Check','2015-04-23 02:19:59.321481','2015-04-24 04:43:40.871028',15.0);
INSERT INTO "orders" VALUES(4,'f','f','f','Credit Card','2015-04-23 02:21:47.261735','2015-05-24 22:44:56.691353',10.0);
INSERT INTO "orders" VALUES(5,'e','e','e','Credit Card','2015-04-23 02:32:34.285823','2015-04-23 02:32:34.285823',NULL);
INSERT INTO "orders" VALUES(6,'Carmelo Lattuca','3301 Rill ct
Rocklin, CA
95765','lattuca@yahoo.com','Check','2015-04-23 04:10:58.675684','2015-04-23 04:10:58.675684',NULL);
INSERT INTO "orders" VALUES(7,'joe','addr','11212','Credit Card','2015-04-23 13:45:01.898327','2015-04-23 13:45:01.898327',NULL);
INSERT INTO "orders" VALUES(8,'carm','sadsd','asds','Credit Card','2015-04-23 22:52:13.818685','2015-04-23 22:52:13.818685',NULL);
INSERT INTO "orders" VALUES(9,'d','d','d','Purchase order','2015-04-23 22:54:08.885582','2015-04-23 22:54:08.885582',NULL);
INSERT INTO "orders" VALUES(10,'s','s','s','Credit Card','2015-04-23 22:59:04.133153','2015-04-23 22:59:04.133153',NULL);
INSERT INTO "orders" VALUES(11,'s','s','s','Credit Card','2015-04-23 22:59:29.559365','2015-04-23 22:59:29.559365',NULL);
INSERT INTO "orders" VALUES(12,'x','x','x','Purchase order','2015-04-23 23:13:03.514898','2015-04-23 23:13:03.514898',NULL);
INSERT INTO "orders" VALUES(13,'d','d','d','Check','2015-04-23 23:16:32.341720','2015-04-23 23:16:32.341720',NULL);
INSERT INTO "orders" VALUES(14,'x','x','x','Credit Card','2015-04-23 23:16:55.303476','2015-04-23 23:16:55.303476',NULL);
INSERT INTO "orders" VALUES(15,'x','x','x','Credit Card','2015-04-23 23:18:23.575056','2015-04-23 23:18:23.575056',NULL);
INSERT INTO "orders" VALUES(16,'d','d','d','Credit Card','2015-04-23 23:19:07.804975','2015-04-23 23:19:07.804975',NULL);
INSERT INTO "orders" VALUES(17,'z','z','z','Credit Card','2015-04-23 23:20:44.958209','2015-04-23 23:20:44.958209',NULL);
INSERT INTO "orders" VALUES(18,'x','x','x','Check','2015-04-23 23:39:30.189557','2015-04-23 23:39:30.189557',NULL);
INSERT INTO "orders" VALUES(19,'x','x','x','Check','2015-04-23 23:43:15.717464','2015-04-23 23:43:15.717464',NULL);
INSERT INTO "orders" VALUES(20,'x','x','x','Check','2015-04-23 23:45:03.337490','2015-04-23 23:45:03.337490',NULL);
INSERT INTO "orders" VALUES(21,'x','x','x','Check','2015-04-23 23:47:56.102529','2015-04-23 23:47:56.102529',NULL);
INSERT INTO "orders" VALUES(22,'x','x','x','Check','2015-04-23 23:48:35.828719','2015-04-23 23:48:35.828719',NULL);
INSERT INTO "orders" VALUES(23,'x','x','x','Check','2015-04-23 23:52:02.009489','2015-04-23 23:52:02.009489',NULL);
INSERT INTO "orders" VALUES(24,'x','x','x','Check','2015-04-23 23:52:38.637723','2015-04-23 23:52:38.637723',NULL);
INSERT INTO "orders" VALUES(25,'x','x','x','Check','2015-04-23 23:54:32.034832','2015-04-23 23:54:32.034832',NULL);
INSERT INTO "orders" VALUES(26,'x','x','x','Check','2015-04-23 23:54:56.949418','2015-04-23 23:54:56.949418',NULL);
INSERT INTO "orders" VALUES(27,'carm','c','c','Check','2015-04-23 23:56:05.418973','2015-04-23 23:56:05.418973',NULL);
INSERT INTO "orders" VALUES(28,'carm','c','c','Check','2015-04-23 23:57:11.312111','2015-04-23 23:57:11.312111',NULL);
INSERT INTO "orders" VALUES(29,'carm','c','c','Check','2015-04-23 23:57:23.545501','2015-04-23 23:57:23.545501',NULL);
INSERT INTO "orders" VALUES(30,'carm','c','c','Check','2015-04-23 23:58:08.930756','2015-04-23 23:58:08.930756',NULL);
INSERT INTO "orders" VALUES(31,'x','x','x','Check','2015-04-24 00:58:21.007661','2015-04-24 00:58:21.007661',NULL);
INSERT INTO "orders" VALUES(32,'x','x','x','Check','2015-04-24 00:58:51.198119','2015-04-24 00:58:51.198119',NULL);
INSERT INTO "orders" VALUES(33,'x','x','x','Check','2015-04-24 01:03:54.164201','2015-04-24 01:03:54.164201',NULL);
INSERT INTO "orders" VALUES(34,'x','x','x','Check','2015-04-24 01:04:52.088251','2015-04-24 01:04:52.088251',NULL);
INSERT INTO "orders" VALUES(35,'x','x','x','Check','2015-04-24 01:06:01.837662','2015-04-24 01:06:01.837662',NULL);
INSERT INTO "orders" VALUES(36,'x','x','x','Purchase order','2015-04-24 01:10:13.816030','2015-04-24 01:10:13.816030',NULL);
INSERT INTO "orders" VALUES(37,'s','s','s','Credit Card','2015-04-24 01:13:43.896647','2015-04-24 01:13:43.896647',NULL);
INSERT INTO "orders" VALUES(38,'e','e','e','Credit Card','2015-04-24 01:19:36.938463','2015-04-24 01:19:36.938463',NULL);
INSERT INTO "orders" VALUES(39,'x','x','x','Credit Card','2015-04-24 01:21:17.898087','2015-04-24 01:21:17.898087',NULL);
INSERT INTO "orders" VALUES(40,'dda','asdsad','dasdas','Credit Card','2015-04-24 01:32:49.781768','2015-04-24 01:32:49.781768',NULL);
INSERT INTO "orders" VALUES(41,'d','d','d','Credit Card','2015-04-24 03:25:40.571122','2015-04-24 03:25:40.571122',2.0);
INSERT INTO "orders" VALUES(42,'c','c','c','Credit Card','2015-04-24 03:33:39.780074','2015-04-24 03:33:39.780074',NULL);
INSERT INTO "orders" VALUES(43,'r','r','r','Check','2015-04-24 03:33:57.309817','2015-04-24 03:33:57.309817',NULL);
INSERT INTO "orders" VALUES(44,'d','d','d','Credit Card','2015-04-24 03:34:56.781541','2015-04-24 03:34:56.781541',NULL);
INSERT INTO "orders" VALUES(45,'x','x','x','Purchase order','2015-04-24 03:53:19.570917','2015-04-24 03:53:19.570917',NULL);
INSERT INTO "orders" VALUES(46,'a','a','as','Credit Card','2015-04-24 03:55:37.036651','2015-04-24 03:55:37.036651',NULL);
INSERT INTO "orders" VALUES(47,'t','t','t','Credit Card','2015-04-24 03:56:39.297373','2015-04-24 03:56:39.297373',NULL);
INSERT INTO "orders" VALUES(48,'s','s','s','Credit Card','2015-04-24 04:01:06.165232','2015-04-24 04:01:06.165232',NULL);
INSERT INTO "orders" VALUES(49,'s','s','s','Credit Card','2015-04-24 04:06:38.950853','2015-04-24 04:06:38.950853',NULL);
INSERT INTO "orders" VALUES(50,'4','4','4','Check','2015-04-24 04:10:49.111198','2015-04-24 04:10:49.111198',NULL);
INSERT INTO "orders" VALUES(51,'r','r','r','Credit Card','2015-04-24 04:13:57.692211','2015-04-24 04:13:57.692211',NULL);
INSERT INTO "orders" VALUES(52,'x','x','x','Credit Card','2015-04-24 04:31:55.805827','2015-04-24 04:32:25.301661',11.11);
INSERT INTO "orders" VALUES(53,'d','d','d','Credit Card','2015-04-24 04:36:58.911577','2015-04-24 04:36:58.911577',4.99);
INSERT INTO "orders" VALUES(54,'f','d','d','Credit Card','2015-04-24 04:39:00.675591','2015-04-24 04:39:00.675591',4.99);
INSERT INTO "orders" VALUES(55,'dfd','fdfd','dfd','Credit Card','2015-04-24 04:40:26.282607','2015-04-24 04:40:26.282607',11.98);
INSERT INTO "orders" VALUES(56,'a','a','asds','Credit Card','2015-04-24 04:48:57.351074','2015-04-24 04:48:57.351074',11.98);
INSERT INTO "orders" VALUES(57,'fd','dfd','df','Credit Card','2015-04-24 04:54:06.965531','2015-04-24 04:54:06.965531',6.99);
INSERT INTO "orders" VALUES(58,'tt','ttt','tt','Credit Card','2015-04-24 04:54:34.545935','2015-04-24 04:54:34.545935',6.99);
INSERT INTO "orders" VALUES(59,'Carmelo Lattuca','3301','1221','Check','2015-04-24 12:46:15.002527','2015-04-24 12:46:15.002527',17.98);
INSERT INTO "orders" VALUES(60,'joe','boston','joe','Credit Card','2015-04-24 13:08:55.814936','2015-04-24 13:08:55.814936',6.99);
INSERT INTO "orders" VALUES(61,'d','d','d','Credit Card','2015-04-24 13:28:39.360712','2015-04-24 13:28:39.360712',5.39200000000000088115e+01);
INSERT INTO "orders" VALUES(62,'Carmelo Lattuca','c','c','Credit Card','2015-04-24 13:29:01.612895','2015-04-24 13:29:01.612895',6.99);
INSERT INTO "orders" VALUES(63,'Carmelo Lattuca','122','wqw','Check','2015-04-24 13:34:33.642405','2015-04-24 13:34:33.642405',6.99);
INSERT INTO "orders" VALUES(64,'2343','243432','23432','Credit Card','2015-04-24 13:35:01.259477','2015-04-24 13:35:01.259477',13.98);
INSERT INTO "orders" VALUES(65,'2434','434','43242','Credit Card','2015-04-24 13:35:29.073648','2015-04-24 13:35:29.073648',6.99);
INSERT INTO "orders" VALUES(66,'a','a','a','Credit Card','2015-04-25 01:09:24.127631','2015-04-25 01:09:24.127631',6.99);
INSERT INTO "orders" VALUES(67,'x','x','x','Credit Card','2015-04-25 01:19:14.444331','2015-04-25 01:19:14.444331',6.99);
INSERT INTO "orders" VALUES(68,'s','s','s','Check','2015-04-25 01:20:26.141870','2015-04-25 01:20:26.141870',4.99);
INSERT INTO "orders" VALUES(69,'r','r','r','Purchase order','2015-04-25 01:27:29.774635','2015-04-25 01:27:29.774635',6.99);
INSERT INTO "orders" VALUES(70,'4','4','4','Credit Card','2015-04-25 01:33:24.183142','2015-04-25 01:33:24.183142',6.99);
INSERT INTO "orders" VALUES(71,'x','x','x','Purchase order','2015-04-25 02:25:07.585236','2015-04-25 02:25:07.585236',22.97);
INSERT INTO "orders" VALUES(72,'t','t','t','Check','2015-04-25 02:25:26.549668','2015-04-25 02:25:26.549668',6.99);
INSERT INTO "orders" VALUES(73,'r','r','r','Check','2015-04-25 02:26:59.191747','2015-04-25 02:26:59.191747',4.99);
INSERT INTO "orders" VALUES(74,'r','r','r','Check','2015-04-25 02:27:11.759099','2015-04-25 02:27:11.759099',0.0);
INSERT INTO "orders" VALUES(75,'r','r','r','Check','2015-04-25 02:29:46.944815','2015-04-25 02:29:46.944815',8.99);
INSERT INTO "orders" VALUES(76,'r','r','r','Check','2015-04-25 02:33:35.091467','2015-04-25 02:33:35.091467',6.99);
INSERT INTO "orders" VALUES(77,'t','t','t','Credit Card','2015-04-25 02:33:52.965849','2015-04-25 02:33:52.965849',6.99);
INSERT INTO "orders" VALUES(78,'r','r','r','Check','2015-04-25 02:35:29.111540','2015-04-25 02:35:29.111540',4.99);
INSERT INTO "orders" VALUES(79,'w','w','w','Credit Card','2015-04-25 02:35:46.217917','2015-04-25 02:35:46.217917',6.99);
INSERT INTO "orders" VALUES(80,'r','r','r','Credit Card','2015-04-25 02:38:03.040559','2015-04-25 02:38:03.040559',4.99);
INSERT INTO "orders" VALUES(81,'s','s','s','Credit Card','2015-04-25 03:08:42.192517','2015-04-25 03:08:42.192517',6.99);
INSERT INTO "orders" VALUES(82,'s','s','s','Credit Card','2015-04-25 03:09:33.582292','2015-04-25 03:09:33.582292',0.0);
INSERT INTO "orders" VALUES(83,'s','s','s','Credit Card','2015-04-25 03:09:59.844760','2015-04-25 03:09:59.844760',0.0);
INSERT INTO "orders" VALUES(84,'s','s','s','Credit Card','2015-04-25 03:11:02.810625','2015-04-25 03:11:02.810625',0.0);
INSERT INTO "orders" VALUES(85,'z','z','z','Credit Card','2015-04-25 03:24:37.010079','2015-04-25 03:24:37.010079',11.98);
INSERT INTO "orders" VALUES(86,'z','z','z','Credit Card','2015-04-25 03:45:48.348765','2015-04-25 03:45:48.348765',0.0);
INSERT INTO "orders" VALUES(87,'z','z','z','Credit Card','2015-04-25 03:47:14.719740','2015-04-25 03:47:14.719740',0.0);
INSERT INTO "orders" VALUES(88,'z','z','z','Credit Card','2015-04-25 03:56:26.602690','2015-04-25 03:56:26.602690',0.0);
INSERT INTO "orders" VALUES(89,'z','z','z','Credit Card','2015-04-25 03:57:04.856253','2015-04-25 03:57:04.856253',0.0);
INSERT INTO "orders" VALUES(90,'aa','aa','aa','Credit Card','2015-04-25 18:44:33.286518','2015-04-25 18:44:33.286518',22.97);
INSERT INTO "orders" VALUES(91,'aa','aa','aa','Credit Card','2015-04-25 18:48:20.876040','2015-04-25 18:48:20.876040',0.0);
INSERT INTO "orders" VALUES(92,'Carmelo Lattucac','c','c','Credit Card','2015-04-25 18:48:42.611860','2015-04-25 18:48:42.611860',6.99);
INSERT INTO "orders" VALUES(93,'a','a','a','Credit Card','2015-04-25 18:53:15.816574','2015-04-25 18:53:15.816574',8.99);
INSERT INTO "orders" VALUES(94,'a','aa','a','Credit Card','2015-04-25 18:55:01.663331','2015-04-25 18:55:01.663331',11.98);
INSERT INTO "orders" VALUES(95,'e','e','e','Credit Card','2015-04-25 19:03:54.582231','2015-04-25 19:03:54.582231',6.99);
INSERT INTO "orders" VALUES(96,'a','a','a','Credit Card','2015-04-25 22:25:55.307003','2015-04-25 22:25:55.307003',6.99);
INSERT INTO "orders" VALUES(97,'a','a','a','Credit Card','2015-04-25 22:26:27.599449','2015-04-25 22:26:27.599449',0.0);
INSERT INTO "orders" VALUES(98,'f','f','f','Check','2015-04-25 22:59:52.774273','2015-04-25 22:59:52.774273',6.99);
INSERT INTO "orders" VALUES(99,'t','t','t','Check','2015-04-25 23:00:45.272372','2015-04-25 23:00:45.272372',6.99);
INSERT INTO "orders" VALUES(100,'sd','ds','sd','Credit Card','2015-04-25 23:08:47.156123','2015-04-25 23:08:47.156123',4.99);
INSERT INTO "orders" VALUES(101,'r','r','r','Credit Card','2015-04-25 23:10:14.788727','2015-04-25 23:10:14.788727',4.99);
INSERT INTO "orders" VALUES(102,'s','s','s','Credit Card','2015-04-25 23:11:37.260515','2015-04-25 23:11:37.260515',6.99);
INSERT INTO "orders" VALUES(103,'s','s','s','Credit Card','2015-04-25 23:38:03.862178','2015-04-25 23:38:03.862178',5.39200000000000088115e+01);
INSERT INTO "orders" VALUES(104,'a','a','as','Check','2015-04-25 23:42:15.068894','2015-04-25 23:42:15.068894',6.99);
INSERT INTO "orders" VALUES(105,'cc','c','c','Check','2015-04-25 23:44:17.100075','2015-04-25 23:44:17.100075',8.99);
INSERT INTO "orders" VALUES(106,'v','v','v','Check','2015-04-25 23:46:31.612713','2015-04-25 23:46:31.612713',6.99);
INSERT INTO "orders" VALUES(107,'s','s','s','Credit Card','2015-04-25 23:47:08.084426','2015-04-25 23:47:08.084426',4.99);
INSERT INTO "orders" VALUES(108,'s','s','s','Credit Card','2015-04-25 23:56:25.670796','2015-04-25 23:56:25.670796',32.95);
INSERT INTO "orders" VALUES(109,'s','s','s','Credit Card','2015-04-25 23:59:42.034165','2015-04-25 23:59:42.034165',6.99);
INSERT INTO "orders" VALUES(110,'aa','a','a','Credit Card','2015-04-26 00:01:51.378628','2015-04-26 00:01:51.378628',6.99);
INSERT INTO "orders" VALUES(111,'aa','a','a','Credit Card','2015-04-26 00:03:08.555413','2015-04-26 00:03:08.555413',0.0);
INSERT INTO "orders" VALUES(112,'aa','a','a','Credit Card','2015-04-26 00:03:31.021577','2015-04-26 00:03:31.021577',0.0);
INSERT INTO "orders" VALUES(113,'aa','a','a','Credit Card','2015-04-26 00:07:57.454984','2015-04-26 00:07:57.454984',0.0);
INSERT INTO "orders" VALUES(114,'aa','a','a','Credit Card','2015-04-26 00:10:23.527732','2015-04-26 00:10:23.527732',0.0);
INSERT INTO "orders" VALUES(115,'aa','a','a','Credit Card','2015-04-26 00:10:36.832163','2015-04-26 00:10:36.832163',0.0);
INSERT INTO "orders" VALUES(116,'aa','a','a','Credit Card','2015-04-26 00:11:46.360319','2015-04-26 00:11:46.360319',0.0);
INSERT INTO "orders" VALUES(117,'s','s','s','Credit Card','2015-04-26 00:15:23.734433','2015-04-26 00:15:23.734433',8.99);
INSERT INTO "orders" VALUES(118,'s','s','s','Credit Card','2015-04-26 00:16:05.523780','2015-04-26 00:16:05.523780',0.0);
INSERT INTO "orders" VALUES(119,'x','x','x','Credit Card','2015-04-26 00:17:54.759255','2015-04-26 00:17:54.759255',4.99);
INSERT INTO "orders" VALUES(120,'dfd','d','d','Credit Card','2015-04-26 00:19:11.285128','2015-04-26 00:19:11.285128',6.99);
INSERT INTO "orders" VALUES(121,'s','s','s','Credit Card','2015-04-26 00:24:28.955750','2015-04-26 00:24:28.955750',6.99);
INSERT INTO "orders" VALUES(122,'joe blow','any place USA','carmelo@sausages.com','Check','2015-04-26 01:36:44.404756','2015-04-26 01:36:44.404756',29.96);
INSERT INTO "orders" VALUES(123,'Anna''s Pizza','2020 Rocklin Blvd
Rocklin, Ca
95765','annas@pizaa.com','Credit Card','2015-04-26 01:38:50.036736','2015-04-26 01:38:50.036736',6.99);
INSERT INTO "orders" VALUES(124,'t','t','t','Credit Card','2015-04-26 02:55:29.652750','2015-04-26 02:55:29.652750',6.99);
INSERT INTO "orders" VALUES(125,'df','fds','sdf','Credit Card','2015-04-26 03:18:47.153743','2015-04-26 03:18:47.153743',11.98);
INSERT INTO "orders" VALUES(126,'ds','ds','ds','Check','2015-04-26 03:52:47.327225','2015-04-26 03:52:47.327225',6.99);
INSERT INTO "orders" VALUES(127,'dda','d','dasdas','Credit Card','2015-04-26 03:54:33.702660','2015-04-26 03:54:33.702660',5.99);
INSERT INTO "orders" VALUES(128,'x','x','x','Credit Card','2015-04-26 04:01:12.269738','2015-04-26 04:01:12.269738',13.98);
INSERT INTO "orders" VALUES(129,'z','z','z','Check','2015-04-26 04:01:46.449082','2015-04-26 04:01:46.449082',11.98);
INSERT INTO "orders" VALUES(130,'asd','asd','asd','Credit Card','2015-04-26 04:53:59.756694','2015-04-26 04:53:59.756694',11.98);
INSERT INTO "orders" VALUES(131,'Lucy Lattuca','Montreal','lucy@gmail.com','Credit Card','2015-04-26 05:11:02.730414','2015-04-26 05:11:02.730414',3.89400000000000048308e+01);
INSERT INTO "orders" VALUES(132,'f','f','f','Credit Card','2015-04-26 05:14:51.931338','2015-04-26 05:14:51.931338',17.98);
INSERT INTO "orders" VALUES(133,'as','as','as','Credit Card','2015-04-26 05:20:17.825503','2015-04-26 05:20:17.825503',13.98);
INSERT INTO "orders" VALUES(134,'tt','t','tt','Credit Card','2015-04-26 05:45:32.822381','2015-04-26 05:45:32.822381',13.98);
INSERT INTO "orders" VALUES(135,'ff','f','f','Credit Card','2015-04-26 05:46:55.378892','2015-04-26 05:46:55.378892',6.99);
INSERT INTO "orders" VALUES(136,'ss','sads','ads','Check','2015-04-26 16:15:53.532317','2015-04-26 16:15:53.532317',6.99);
INSERT INTO "orders" VALUES(137,'dfg','dgfgd','dfgdg','Check','2015-04-26 16:20:45.351319','2015-04-26 16:20:45.351319',4.99);
INSERT INTO "orders" VALUES(138,'fdf','sdgfd','dfgf','Credit Card','2015-04-26 18:56:25.413888','2015-04-26 18:56:25.413888',15.98);
INSERT INTO "orders" VALUES(139,'ds','fds','fsd','Check','2015-04-28 03:01:33.115931','2015-04-28 03:01:33.115931',6.99);
INSERT INTO "orders" VALUES(140,'Anna''s Pizza','123','24','Check','2015-04-29 04:12:24.283505','2015-04-29 04:12:24.283505',4.99);
INSERT INTO "orders" VALUES(141,'r','r','r','Credit Card','2015-04-29 04:14:16.853121','2015-04-29 04:14:16.853121',6.99);
INSERT INTO "orders" VALUES(142,'tt','t','t','Credit Card','2015-04-29 04:15:28.319821','2015-04-29 04:15:28.319821',6.99);
INSERT INTO "orders" VALUES(143,'fds','sdf','sf','Check','2015-04-29 13:38:18.385101','2015-04-29 13:38:18.385101',17.98);
INSERT INTO "orders" VALUES(144,'vc','cvx','xv','Credit Card','2015-04-29 13:50:47.890832','2015-04-29 13:50:47.890832',8.99);
INSERT INTO "orders" VALUES(145,'dda','asd','asd','Credit Card','2015-04-30 03:32:24.585629','2015-04-30 03:32:24.585629',8.99);
INSERT INTO "orders" VALUES(146,'asd','dsa','ads','Credit Card','2015-05-01 23:45:39.289480','2015-05-01 23:45:39.289480',4.99);
INSERT INTO "orders" VALUES(147,'sddv','zxcc','zxcz','Credit Card','2015-05-01 23:45:58.564165','2015-05-01 23:45:58.564165',6.99);
INSERT INTO "orders" VALUES(148,'sddv','ddd','dd','Credit Card','2015-05-01 23:46:19.687290','2015-05-01 23:46:19.687290',6.99);
INSERT INTO "orders" VALUES(149,'ds','d','dasdas','Credit Card','2015-05-01 23:47:14.544735','2015-05-01 23:47:14.544735',6.99);
INSERT INTO "orders" VALUES(150,'asjdbkjas','sadsad','asdsa','Credit Card','2015-05-02 00:24:18.339000','2015-05-02 00:24:18.339000',15.98);
INSERT INTO "orders" VALUES(151,'sd','s','sdf','Credit Card','2015-05-02 01:17:58.940052','2015-05-02 01:17:58.940052',6.99);
INSERT INTO "orders" VALUES(152,'sddvd','d','dasdas','Check','2015-05-02 02:35:03.585460','2015-05-02 02:35:03.585460',6.99);
INSERT INTO "orders" VALUES(153,'cc','c','carmelo@sausages.com','Credit Card','2015-05-02 02:36:19.016198','2015-05-02 02:36:19.016198',6.99);
INSERT INTO "orders" VALUES(154,'z','z','z','Credit Card','2015-05-02 02:41:09.987266','2015-05-02 02:41:09.987266',6.99);
INSERT INTO "orders" VALUES(155,'e','e','e','Credit Card','2015-05-02 02:49:20.626435','2015-05-02 02:49:20.626435',6.99);
INSERT INTO "orders" VALUES(156,'w','w','w','Credit Card','2015-05-02 02:51:13.705415','2015-05-02 02:51:13.705415',6.99);
INSERT INTO "orders" VALUES(157,'1','1','1','Check','2015-05-02 02:52:08.357261','2015-05-02 02:52:08.357261',13.98);
INSERT INTO "orders" VALUES(158,'1','1','1','Credit Card','2015-05-02 02:54:17.107258','2015-05-02 02:54:17.107258',6.99);
INSERT INTO "orders" VALUES(159,'Carmelo Lattucac','t','tt','Credit Card','2015-05-02 02:56:47.382156','2015-05-02 02:56:47.382156',6.99);
INSERT INTO "orders" VALUES(160,'w','w','wqw','Check','2015-05-02 02:59:18.539997','2015-05-02 02:59:18.539997',6.99);
INSERT INTO "orders" VALUES(161,'e','e','e','Credit Card','2015-05-02 03:02:03.965381','2015-05-02 03:02:03.965381',6.99);
INSERT INTO "orders" VALUES(162,'Carmelo Lattucac','c','carmelo@sausages.com','Purchase order','2015-05-02 03:03:02.846357','2015-05-02 03:03:02.846357',6.99);
INSERT INTO "orders" VALUES(163,'x','x','x','Credit Card','2015-05-02 03:33:02.918655','2015-05-02 03:33:02.918655',13.98);
INSERT INTO "orders" VALUES(164,'x','x','x','Check','2015-05-02 03:38:13.300966','2015-05-02 03:38:13.300966',6.99);
INSERT INTO "orders" VALUES(165,'f','f','f','Check','2015-05-02 03:57:50.940457','2015-05-02 03:57:50.940457',6.99);
INSERT INTO "orders" VALUES(166,'r','r','r','Check','2015-05-02 20:38:26.131493','2015-05-02 20:38:26.131493',6.99);
INSERT INTO "orders" VALUES(167,'dfdd','d','d','Credit Card','2015-05-02 20:51:58.734249','2015-05-02 20:51:58.734249',6.99);
INSERT INTO "orders" VALUES(168,'fd','f','f','Check','2015-05-02 20:58:15.827746','2015-05-02 20:58:15.827746',6.99);
INSERT INTO "orders" VALUES(169,'t','t','tt','Credit Card','2015-05-02 20:59:44.826367','2015-05-02 20:59:44.826367',6.99);
INSERT INTO "orders" VALUES(170,'dda','d','dfgdg','Check','2015-05-02 21:01:19.535115','2015-05-02 21:01:19.535115',6.99);
INSERT INTO "orders" VALUES(171,'dd','d','dasdas','Check','2015-05-02 21:10:36.756648','2015-05-02 21:10:36.756648',6.99);
INSERT INTO "orders" VALUES(172,'fdf','f','f','Check','2015-05-02 21:14:17.455788','2015-05-02 21:14:17.455788',6.99);
INSERT INTO "orders" VALUES(173,'tt','t','t','Credit Card','2015-05-02 21:14:33.444549','2015-05-02 21:14:33.444549',3.99);
INSERT INTO "orders" VALUES(174,'5','5','5','Check','2015-05-02 21:17:39.767659','2015-05-02 21:17:39.767659',3.99);
INSERT INTO "orders" VALUES(175,'g','g','g','Check','2015-05-02 21:18:34.963522','2015-05-02 21:18:34.963522',8.99);
INSERT INTO "orders" VALUES(176,'g','g','g','Check','2015-05-02 21:20:04.178081','2015-05-02 21:20:04.178081',5.99);
INSERT INTO "orders" VALUES(177,'ttt','t','t','Credit Card','2015-05-02 21:23:45.009626','2015-05-02 21:23:45.009626',6.99);
INSERT INTO "orders" VALUES(178,'r','r','r','Check','2015-05-02 21:25:19.797526','2015-05-02 21:25:19.797526',8.99);
INSERT INTO "orders" VALUES(179,'m','m','m','Check','2015-05-02 21:34:47.087042','2015-05-02 21:34:47.087042',13.98);
INSERT INTO "orders" VALUES(180,'y','y','y','Check','2015-05-02 21:54:54.120946','2015-05-02 21:54:54.120946',6.99);
INSERT INTO "orders" VALUES(181,'g','g','g','Purchase order','2015-05-02 21:57:23.377795','2015-05-02 21:57:23.377795',6.99);
INSERT INTO "orders" VALUES(182,'u','u','u','Credit Card','2015-05-02 21:59:25.788566','2015-05-02 21:59:25.788566',8.99);
INSERT INTO "orders" VALUES(183,'fdff','f','f','Check','2015-05-02 22:00:55.454469','2015-05-02 22:00:55.454469',4.99);
INSERT INTO "orders" VALUES(184,'joe blow','l','lucy@gmail.com','Check','2015-05-02 22:12:00.015091','2015-05-02 22:12:00.015091',8.98);
INSERT INTO "orders" VALUES(185,'p','p','p','Credit Card','2015-05-02 22:21:58.240758','2015-05-02 22:21:58.240758',5.99);
INSERT INTO "orders" VALUES(186,'k','l','lucy@gmail.com','Credit Card','2015-05-02 22:24:16.149213','2015-05-02 22:24:16.149213',8.99);
INSERT INTO "orders" VALUES(187,'dsf','fd','g','Check','2015-05-03 13:41:22.745229','2015-05-03 13:41:22.745229',9.98);
INSERT INTO "orders" VALUES(188,'x','zx','zx','Credit Card','2015-05-03 13:54:39.820766','2015-05-03 13:54:39.820766',13.98);
INSERT INTO "orders" VALUES(189,'fds','f','fsd','Credit Card','2015-05-03 14:01:19.898921','2015-05-03 14:01:19.898921',6.99);
INSERT INTO "orders" VALUES(190,'ccc','c','c','Check','2015-05-03 14:01:43.651567','2015-05-03 14:01:43.651567',6.99);
INSERT INTO "orders" VALUES(191,'fdf','f','f','Credit Card','2015-05-03 14:02:04.612382','2015-05-03 14:02:04.612382',6.99);
INSERT INTO "orders" VALUES(192,'ddad','d','dfgdg','Check','2015-05-03 14:02:38.062615','2015-05-03 14:02:38.062615',6.99);
INSERT INTO "orders" VALUES(193,'u','u','u','Credit Card','2015-05-03 14:04:38.851721','2015-05-03 14:04:38.851721',13.98);
INSERT INTO "orders" VALUES(194,'ddad','d','dfgdg','Check','2015-05-03 14:05:32.208620','2015-05-03 14:05:32.208620',22.97);
INSERT INTO "orders" VALUES(195,'dddf','fd','fd','Credit Card','2015-05-03 14:06:25.349401','2015-05-03 14:06:25.349401',22.97);
INSERT INTO "orders" VALUES(196,'dfg','g','g','Check','2015-05-03 14:07:04.567036','2015-05-03 14:07:04.567036',13.98);
INSERT INTO "orders" VALUES(197,'ss','s','ss','Credit Card','2015-05-09 05:18:24.269075','2015-05-09 05:18:24.269075',27.96);
INSERT INTO "orders" VALUES(198,'ss','s','ss','Credit Card','2015-05-09 05:18:45.881603','2015-05-09 05:18:45.881603',0.0);
INSERT INTO "orders" VALUES(199,'e','e','e','Check','2015-05-09 05:42:53.840301','2015-05-09 05:42:53.840301',6.99);
INSERT INTO "orders" VALUES(200,'asda','asda','ad','Check','2015-05-10 05:06:54.682770','2015-05-10 05:06:54.682770',22.97);
INSERT INTO "orders" VALUES(201,'Carmelo Lattuca','3301 Rill Ct','lattuca@yahoo.com','Check','2015-05-12 03:20:36.253488','2015-05-12 03:20:36.253488',1.7074000000000003752e+02);
INSERT INTO "orders" VALUES(202,'sfds','sdfds','sdf','Credit Card','2015-05-12 03:31:02.703741','2015-05-12 03:31:02.703741',36.95);
INSERT INTO "orders" VALUES(203,'dsfgdf','dfgdf','dfgfd','Check','2015-05-12 03:32:01.938552','2015-05-12 03:32:01.938552',13.98);
INSERT INTO "orders" VALUES(204,'sds','sdfds','sdfds','Credit Card','2015-05-12 03:42:47.799054','2015-05-12 03:42:47.799054',6.99);
INSERT INTO "orders" VALUES(205,'sdfsd','sdf','sdf','Check','2015-05-12 03:50:00.253219','2015-05-12 03:50:00.253219',8.99);
INSERT INTO "orders" VALUES(206,'Carmelo Lattuca','dsaf','sfds','Credit Card','2015-05-12 03:53:56.317294','2015-05-12 03:53:56.317294',15.98);
INSERT INTO "orders" VALUES(207,'dsf','sdf','sdf','Credit Card','2015-05-12 04:00:36.211193','2015-05-12 04:00:36.211193',36.95);
INSERT INTO "orders" VALUES(208,'sddv','s','ss','Credit Card','2015-05-12 04:09:16.537231','2015-05-12 04:09:16.537231',27.96);
INSERT INTO "orders" VALUES(209,'dsd','sdf','sdf','Credit Card','2015-05-12 04:23:51.111414','2015-05-12 04:23:51.111414',23.96);
INSERT INTO "orders" VALUES(210,'dsf','sdf','sdf','Check','2015-05-12 04:24:41.437177','2015-05-12 04:24:41.437177',4.99);
INSERT INTO "orders" VALUES(211,'asjdbkjas','as','as','Check','2015-05-12 04:42:07.708564','2015-05-12 04:42:07.708564',13.98);
INSERT INTO "orders" VALUES(212,'fds','sdf','dsf','Check','2015-05-12 04:44:10.485864','2015-05-12 04:44:10.485864',18.97);
INSERT INTO "orders" VALUES(213,'dsf','sdf','sdf','Check','2015-05-12 05:08:28.460721','2015-05-12 05:08:28.460721',6.99);
INSERT INTO "orders" VALUES(214,'fs','fds','fsd','Credit Card','2015-05-12 05:14:38.086500','2015-05-12 05:14:38.086500',6.99);
INSERT INTO "orders" VALUES(215,'sdf','sdf','dfgfd','Check','2015-05-12 05:32:19.442164','2015-05-12 05:32:19.442164',13.98);
INSERT INTO "orders" VALUES(216,'dsfgdffsd','sdf','sdf','Credit Card','2015-05-12 05:40:42.197928','2015-05-12 05:40:42.197928',6.99);
INSERT INTO "orders" VALUES(217,'sdf','sdf','sdf','Check','2015-05-12 05:41:15.420961','2015-05-12 05:41:15.420961',6.99);
INSERT INTO "orders" VALUES(218,'dsfgdffsd','sdf','sdf','Credit Card','2015-05-12 05:52:03.053053','2015-05-12 05:52:03.053053',6.99);
INSERT INTO "orders" VALUES(219,'dg','df','fgd','Check','2015-05-12 14:01:40.646881','2015-05-12 14:01:40.646881',6.99);
INSERT INTO "orders" VALUES(221,'aa','dsd','sdfds','Check','2015-05-13 15:14:10.480087','2015-05-13 15:14:10.480087',22.97);
INSERT INTO "orders" VALUES(222,'asd','asds','sfd','Credit Card','2015-05-13 15:14:46.455536','2015-05-13 15:14:46.455536',15.98);
INSERT INTO "orders" VALUES(224,'asdas','sdas','asdas','Credit Card','2015-05-14 01:47:50.138883','2015-05-14 01:47:50.138883',13.98);
INSERT INTO "orders" VALUES(225,'test','werw','ewrew','Credit Card','2015-05-16 00:04:50.735702','2015-05-16 00:04:50.735702',13.98);
INSERT INTO "orders" VALUES(226,'vbn','nbvn','vbn','Check','2015-05-16 00:07:14.101891','2015-05-16 00:07:14.101891',13.98);
INSERT INTO "orders" VALUES(227,'xcvxc','xcvcxv','xcvcx','Check','2015-05-18 00:19:30.009874','2015-05-18 00:19:30.009874',15.98);
INSERT INTO "orders" VALUES(228,'Anna''s Pizza','234','asds','Credit Card','2015-05-21 12:34:37.737747','2015-05-21 12:34:37.737747',6.99);
INSERT INTO "orders" VALUES(229,'dsf','dfs','sdf','Check','2015-05-23 17:24:50.366773','2015-05-23 17:24:50.366773',8.99);
INSERT INTO "orders" VALUES(230,'Dominic''s Italian Deli','456 Auburn-Folsom Rd
Granite Bay, CA','luigi@domincsdeli.com','Credit Card','2015-05-24 22:41:32.308933','2015-05-24 22:41:32.308933',15.98);
INSERT INTO "orders" VALUES(231,'Dominic''s Italian Deli','qwe','zxzX','Credit Card','2015-05-24 22:42:19.334611','2015-05-24 22:42:19.334611',8.99);
INSERT INTO "orders" VALUES(232,'z','z','zx','Credit Card','2015-05-25 02:12:04.286329','2015-05-25 02:12:04.286329',9.98);
INSERT INTO "orders" VALUES(233,'Carmelo Lattuca','3301 rill Court
Rocklin, CA','lattuca@yahoo.com','Credit Card','2015-05-30 23:21:01.350120','2015-05-30 23:21:01.350120',6.99);
CREATE TABLE "users" ("id" SERIAL PRIMARY KEY NOT NULL, "name" varchar, "password_digest" varchar, "created_at" timestamp NOT NULL, "updated_at" timestamp NOT NULL);
INSERT INTO "users" VALUES(1,'carmelo','$2a$10$sVEAWP7PMyQ.lHOMLXzgieY5uIKuOu6p0ZOKMhiw9fCPtLq25Xe3i','2015-04-23 12:52:17.109960','2015-05-13 21:33:34.362029');
INSERT INTO "users" VALUES(2,'tim','$2a$10$.lvFvnmKvNiJhIR6Ovbd/OgLSo.AkPFXww5aEyqdCatpGmhDHiNMG','2015-04-23 12:52:49.119928','2015-04-23 12:55:45.799227');
INSERT INTO "users" VALUES(3,'guest','$2a$10$u0E9cWHQTqItqPfiCxX/v.i18rRVO025XKmKz6z6X7j72kjPZoZqq','2015-05-13 21:24:30.793055','2015-05-13 21:24:51.546312');
DELETE FROM sqlite_sequence;
CREATE UNIQUE INDEX "unique_schema_migrations" ON "schema_migrations" ("version");
CREATE INDEX "index_line_items_on_sausage_id" ON "line_items" ("sausage_id");
CREATE INDEX "index_line_items_on_cart_id" ON "line_items" ("cart_id");
CREATE INDEX "index_line_items_on_order_id" ON "line_items" ("order_id");
COMMIT;
